{
  "8": 0.33491788314639503,
  "9": 0.354930208971086,
  "10": 0.37232983368030603,
  "11": 0.38398965851075373,
  "12": 0.3987994647210266,
  "13": 0.4159086581793131,
  "14": 0.41875755466993314,
  "15": 0.4201510487342818,
  "16": 0.4231699561470021,
  "17": 0.4251588400230466,
  "18": 0.4301059450127272,
  "19": 0.43067721456248415
}